id;name;content;content_content_type
1;transmit Ways;7472616e736d697474696e672054656e6e65737365652050726163746963616c20537465656c205368697274;image/png
2;24/7;6861707469632050726f6475636572204167656e74;image/png
3;Rhode Island capacitor;557365722d667269656e646c79;image/png
4;Savings Account;436865636b696e67204163636f756e7420676c6f62616c20537465656c;image/png
5;Borders Springs connecting;506c616e6e657220526566696e6564;image/png
6;engage Granite Grocery;52756262657220496e647573747269616c207365616d6c657373;image/png
7;withdrawal Jamaica;4c7578656d626f757267205370757273;image/png
8;empower Home Loan Account SMS;427573696e6573732d666f63757365642043616e796f6e204f7263686573747261746f72;image/png
9;frictionless orchid;437265656b;image/png
10;Shirt Metal;48756d616e204d697373696f6e;image/png
